"","num","colMeansTsLehman","TypeOfSite","WTnt","TSmutrate","EstSelCoeff","WTAA","MUTAA"
"1",1,NA,"exclude","c",2.41358e-05,NA,"P","S"
"2",2,NA,"exclude","c",2.41358e-05,NA,"P","L"
"3",3,NA,"exclude","t",1.10618e-05,NA,"P","P"
"4",4,NA,"exclude","c",2.41358e-05,NA,"Q","*"
"5",5,NA,"exclude","a",1.11047e-05,NA,"Q","R"
"6",6,NA,"exclude","g",5.47833e-05,NA,"Q","Q"
"7",7,NA,"exclude","a",1.11047e-05,NA,"I","V"
"8",8,NA,"exclude","t",1.10618e-05,NA,"I","T"
"9",9,NA,"exclude","c",2.41358e-05,NA,"I","I"
"10",10,NA,"exclude","a",1.11047e-05,NA,"T","A"
"11",11,NA,"exclude","c",2.41358e-05,NA,"T","I"
"12",12,NA,"exclude","t",1.10618e-05,NA,"T","T"
"13",13,NA,"exclude","c",2.41358e-05,NA,"L","F"
"14",14,NA,"exclude","t",1.10618e-05,NA,"L","P"
"15",15,NA,"exclude","t",1.10618e-05,NA,"L","L"
"16",16,NA,"exclude","t",1.10618e-05,NA,"W","R"
"17",17,NA,"exclude","g",5.47833e-05,NA,"W","*"
"18",18,NA,"exclude","g",5.47833e-05,NA,"W","*"
"19",19,NA,"exclude","c",2.41358e-05,NA,"Q","*"
"20",20,NA,"exclude","a",1.11047e-05,NA,"Q","R"
"21",21,NA,"exclude","a",1.11047e-05,NA,"Q","Q"
"22",22,NA,"exclude","c",2.41358e-05,NA,"R","*"
"23",23,NA,"exclude","g",5.47833e-05,NA,"R","Q"
"24",24,NA,"exclude","a",1.11047e-05,NA,"R","R"
"25",25,NA,"exclude","c",2.41358e-05,NA,"P","S"
"26",26,NA,"exclude","c",2.41358e-05,NA,"P","L"
"27",27,NA,"exclude","c",2.41358e-05,NA,"P","P"
"28",28,NA,"exclude","c",2.41358e-05,NA,"L","F"
"29",29,NA,"exclude","t",1.10618e-05,NA,"L","P"
"30",30,NA,"exclude","c",2.41358e-05,NA,"L","L"
"31",31,NA,"exclude","g",5.47833e-05,NA,"V","I"
"32",32,NA,"exclude","t",1.10618e-05,NA,"V","A"
"33",33,NA,"exclude","c",2.41358e-05,NA,"V","V"
"34",34,NA,"exclude","a",1.11047e-05,NA,"T","A"
"35",35,NA,"exclude","c",2.41358e-05,NA,"T","I"
"36",36,NA,"exclude","a",1.11047e-05,NA,"T","T"
"37",37,NA,"exclude","a",1.11047e-05,NA,"I","V"
"38",38,NA,"exclude","t",1.10618e-05,NA,"I","T"
"39",39,NA,"exclude","a",1.11047e-05,NA,"I","M"
"40",40,NA,"exclude","a",1.11047e-05,NA,"K","E"
"41",41,NA,"exclude","a",1.11047e-05,NA,"K","R"
"42",42,NA,"exclude","g",5.47833e-05,NA,"K","K"
"43",43,NA,"exclude","a",1.11047e-05,NA,"I","V"
"44",44,NA,"exclude","t",1.10618e-05,NA,"I","T"
"45",45,NA,"exclude","a",1.11047e-05,NA,"I","M"
"46",46,NA,"exclude","g",5.47833e-05,NA,"G","R"
"47",47,NA,"exclude","g",5.47833e-05,NA,"G","E"
"48",48,NA,"exclude","g",5.47833e-05,NA,"G","G"
"49",49,NA,"exclude","g",5.47833e-05,NA,"G","R"
"50",50,NA,"exclude","g",5.47833e-05,NA,"G","E"
"51",51,NA,"exclude","g",5.47833e-05,NA,"G","G"
"52",52,NA,"exclude","c",2.41358e-05,NA,"Q","*"
"53",53,NA,"exclude","a",1.11047e-05,NA,"Q","R"
"54",54,NA,"exclude","a",1.11047e-05,NA,"Q","Q"
"55",55,NA,"exclude","c",2.41358e-05,NA,"L","L"
"56",56,NA,"exclude","t",1.10618e-05,NA,"L","P"
"57",57,NA,"exclude","a",1.11047e-05,NA,"L","L"
"58",58,NA,"exclude","a",1.11047e-05,NA,"K","E"
"59",59,NA,"exclude","a",1.11047e-05,NA,"K","R"
"60",60,NA,"exclude","g",5.47833e-05,NA,"K","K"
"61",61,NA,"exclude","g",5.47833e-05,NA,"E","K"
"62",62,NA,"exclude","a",1.11047e-05,NA,"E","G"
"63",63,NA,"exclude","a",1.11047e-05,NA,"E","E"
"64",64,NA,"exclude","g",5.47833e-05,NA,"A","T"
"65",65,NA,"exclude","c",2.41358e-05,NA,"A","V"
"66",66,NA,"exclude","t",1.10618e-05,NA,"A","A"
"67",67,NA,"exclude","c",2.41358e-05,NA,"L","L"
"68",68,NA,"exclude","t",1.10618e-05,NA,"L","P"
"69",69,NA,"exclude","a",1.11047e-05,NA,"L","L"
"70",70,NA,"exclude","t",1.10618e-05,NA,"L","L"
"71",71,NA,"exclude","t",1.10618e-05,NA,"L","S"
"72",72,NA,"exclude","a",1.11047e-05,NA,"L","L"
"73",73,NA,"exclude","g",5.47833e-05,NA,"D","N"
"74",74,NA,"exclude","a",1.11047e-05,NA,"D","G"
"75",75,NA,"exclude","t",1.10618e-05,NA,"D","D"
"76",76,NA,"exclude","a",1.11047e-05,NA,"T","A"
"77",77,NA,"exclude","c",2.41358e-05,NA,"T","I"
"78",78,NA,"exclude","a",1.11047e-05,NA,"T","T"
"79",79,NA,"exclude","g",5.47833e-05,NA,"G","R"
"80",80,NA,"exclude","g",5.47833e-05,NA,"G","E"
"81",81,NA,"exclude","a",1.11047e-05,NA,"G","G"
"82",82,NA,"exclude","g",5.47833e-05,NA,"A","T"
"83",83,NA,"exclude","c",2.41358e-05,NA,"A","V"
"84",84,NA,"exclude","a",1.11047e-05,NA,"A","A"
"85",85,NA,"exclude","g",5.47833e-05,NA,"D","N"
"86",86,NA,"exclude","a",1.11047e-05,NA,"D","G"
"87",87,NA,"exclude","t",1.10618e-05,NA,"D","D"
"88",88,NA,"exclude","g",5.47833e-05,NA,"D","N"
"89",89,NA,"exclude","a",1.11047e-05,NA,"D","G"
"90",90,NA,"exclude","t",1.10618e-05,NA,"D","D"
"91",91,NA,"exclude","a",1.11047e-05,NA,"T","A"
"92",92,NA,"exclude","c",2.41358e-05,NA,"T","I"
"93",93,NA,"exclude","a",1.11047e-05,NA,"T","T"
"94",94,NA,"exclude","g",5.47833e-05,NA,"V","I"
"95",95,NA,"exclude","t",1.10618e-05,NA,"V","A"
"96",96,NA,"exclude","a",1.11047e-05,NA,"V","V"
"97",97,NA,"exclude","t",1.10618e-05,NA,"L","L"
"98",98,NA,"exclude","t",1.10618e-05,NA,"L","S"
"99",99,NA,"exclude","a",1.11047e-05,NA,"L","L"
"100",100,NA,"exclude","g",5.47833e-05,NA,"E","K"
"101",101,NA,"exclude","a",1.11047e-05,NA,"E","G"
"102",102,NA,"exclude","a",1.11047e-05,NA,"E","E"
"103",103,NA,"exclude","g",5.47833e-05,NA,"E","K"
"104",104,NA,"exclude","a",1.11047e-05,NA,"E","G"
"105",105,NA,"exclude","a",1.11047e-05,NA,"E","E"
"106",106,NA,"exclude","a",1.11047e-05,NA,"M","V"
"107",107,NA,"exclude","t",1.10618e-05,NA,"M","T"
"108",108,NA,"exclude","g",5.47833e-05,NA,"M","I"
"109",109,NA,"exclude","a",1.11047e-05,NA,"N","D"
"110",110,NA,"exclude","a",1.11047e-05,NA,"N","S"
"111",111,NA,"exclude","t",1.10618e-05,NA,"N","N"
"112",112,NA,"exclude","t",1.10618e-05,NA,"L","L"
"113",113,NA,"exclude","t",1.10618e-05,NA,"L","S"
"114",114,NA,"exclude","g",5.47833e-05,NA,"L","L"
"115",115,NA,"exclude","c",2.41358e-05,NA,"P","S"
"116",116,NA,"exclude","c",2.41358e-05,NA,"P","L"
"117",117,NA,"exclude","a",1.11047e-05,NA,"P","P"
"118",118,NA,"exclude","g",5.47833e-05,NA,"G","R"
"119",119,NA,"exclude","g",5.47833e-05,NA,"G","E"
"120",120,NA,"exclude","a",1.11047e-05,NA,"G","G"
"121",121,NA,"exclude","a",1.11047e-05,NA,"R","G"
"122",122,NA,"exclude","g",5.47833e-05,NA,"R","K"
"123",123,NA,"exclude","a",1.11047e-05,NA,"R","R"
"124",124,NA,"exclude","t",1.10618e-05,NA,"W","R"
"125",125,NA,"exclude","g",5.47833e-05,NA,"W","*"
"126",126,NA,"exclude","g",5.47833e-05,NA,"W","*"
"127",127,NA,"exclude","a",1.11047e-05,NA,"K","E"
"128",128,NA,"exclude","a",1.11047e-05,NA,"K","R"
"129",129,NA,"exclude","a",1.11047e-05,NA,"K","K"
"130",130,NA,"exclude","c",2.41358e-05,NA,"P","S"
"131",131,NA,"exclude","c",2.41358e-05,NA,"P","L"
"132",132,NA,"exclude","a",1.11047e-05,NA,"P","P"
"133",133,NA,"exclude","a",1.11047e-05,NA,"K","E"
"134",134,NA,"exclude","a",1.11047e-05,NA,"K","R"
"135",135,NA,"exclude","a",1.11047e-05,NA,"K","K"
"136",136,NA,"exclude","a",1.11047e-05,NA,"M","V"
"137",137,NA,"exclude","t",1.10618e-05,NA,"M","T"
"138",138,NA,"exclude","g",5.47833e-05,NA,"M","I"
"139",139,NA,"exclude","a",1.11047e-05,NA,"I","V"
"140",140,NA,"exclude","t",1.10618e-05,NA,"I","T"
"141",141,NA,"exclude","a",1.11047e-05,NA,"I","M"
"142",142,NA,"exclude","g",5.47833e-05,NA,"G","R"
"143",143,NA,"exclude","g",5.47833e-05,NA,"G","E"
"144",144,NA,"exclude","g",5.47833e-05,NA,"G","G"
"145",145,NA,"exclude","g",5.47833e-05,NA,"G","R"
"146",146,NA,"exclude","g",5.47833e-05,NA,"G","E"
"147",147,NA,"exclude","a",1.11047e-05,NA,"G","G"
"148",148,NA,"exclude","a",1.11047e-05,NA,"I","V"
"149",149,NA,"exclude","t",1.10618e-05,NA,"I","T"
"150",150,NA,"exclude","t",1.10618e-05,NA,"I","I"
"151",151,NA,"exclude","g",5.47833e-05,NA,"G","R"
"152",152,NA,"exclude","g",5.47833e-05,NA,"G","E"
"153",153,NA,"exclude","a",1.11047e-05,NA,"G","G"
"154",154,NA,"exclude","g",5.47833e-05,NA,"G","S"
"155",155,NA,"exclude","g",5.47833e-05,NA,"G","D"
"156",156,NA,"exclude","t",1.10618e-05,NA,"G","G"
"157",157,NA,"exclude","t",1.10618e-05,NA,"F","L"
"158",158,NA,"exclude","t",1.10618e-05,NA,"F","S"
"159",159,NA,"exclude","t",1.10618e-05,NA,"F","F"
"160",160,NA,"exclude","a",1.11047e-05,NA,"I","V"
"161",161,NA,"exclude","t",1.10618e-05,NA,"I","T"
"162",162,NA,"exclude","c",2.41358e-05,NA,"I","I"
"163",163,NA,"exclude","a",1.11047e-05,NA,"K","E"
"164",164,NA,"exclude","a",1.11047e-05,NA,"K","R"
"165",165,NA,"exclude","a",1.11047e-05,NA,"K","K"
"166",166,NA,"exclude","g",5.47833e-05,NA,"V","I"
"167",167,NA,"exclude","t",1.10618e-05,NA,"V","A"
"168",168,NA,"exclude","a",1.11047e-05,NA,"V","V"
"169",169,NA,"exclude","a",1.11047e-05,NA,"R","G"
"170",170,NA,"exclude","g",5.47833e-05,NA,"R","K"
"171",171,NA,"exclude","a",1.11047e-05,NA,"R","R"
"172",172,NA,"exclude","c",2.41358e-05,NA,"Q","*"
"173",173,NA,"exclude","a",1.11047e-05,NA,"Q","R"
"174",174,NA,"exclude","g",5.47833e-05,NA,"Q","Q"
"175",175,NA,"exclude","t",1.10618e-05,NA,"Y","H"
"176",176,NA,"exclude","a",1.11047e-05,NA,"Y","C"
"177",177,NA,"exclude","t",1.10618e-05,NA,"Y","Y"
"178",178,NA,"exclude","g",5.47833e-05,NA,"D","N"
"179",179,NA,"exclude","a",1.11047e-05,NA,"D","G"
"180",180,NA,"exclude","t",1.10618e-05,NA,"D","D"
"181",181,NA,"exclude","c",2.41358e-05,NA,"Q","*"
"182",182,NA,"exclude","a",1.11047e-05,NA,"Q","R"
"183",183,NA,"exclude","g",5.47833e-05,NA,"Q","Q"
"184",184,NA,"exclude","a",1.11047e-05,NA,"I","V"
"185",185,NA,"exclude","t",1.10618e-05,NA,"I","T"
"186",186,NA,"exclude","a",1.11047e-05,NA,"I","M"
"187",187,NA,"exclude","c",2.41358e-05,NA,"L","F"
"188",188,NA,"exclude","t",1.10618e-05,NA,"L","P"
"189",189,NA,"exclude","c",2.41358e-05,NA,"L","L"
"190",190,NA,"exclude","a",1.11047e-05,NA,"I","V"
"191",191,NA,"exclude","t",1.10618e-05,NA,"I","T"
"192",192,NA,"exclude","a",1.11047e-05,NA,"I","M"
"193",193,NA,"exclude","g",5.47833e-05,NA,"E","K"
"194",194,NA,"exclude","a",1.11047e-05,NA,"E","G"
"195",195,NA,"exclude","a",1.11047e-05,NA,"E","E"
"196",196,NA,"exclude","a",1.11047e-05,NA,"I","V"
"197",197,NA,"exclude","t",1.10618e-05,NA,"I","T"
"198",198,NA,"exclude","c",2.41358e-05,NA,"I","I"
"199",199,NA,"exclude","t",1.10618e-05,NA,"C","R"
"200",200,NA,"exclude","g",5.47833e-05,NA,"C","Y"
"201",201,NA,"exclude","t",1.10618e-05,NA,"C","C"
"202",202,NA,"exclude","g",5.47833e-05,NA,"G","R"
"203",203,NA,"exclude","g",5.47833e-05,NA,"G","E"
"204",204,NA,"exclude","a",1.11047e-05,NA,"G","G"
"205",205,NA,"exclude","c",2.41358e-05,NA,"H","Y"
"206",206,NA,"exclude","a",1.11047e-05,NA,"H","R"
"207",207,NA,"exclude","t",1.10618e-05,NA,"H","H"
"208",208,NA,"exclude","a",1.11047e-05,NA,"K","E"
"209",209,NA,"exclude","a",1.11047e-05,NA,"K","R"
"210",210,NA,"exclude","a",1.11047e-05,NA,"K","K"
"211",211,NA,"exclude","g",5.47833e-05,NA,"A","T"
"212",212,NA,"exclude","c",2.41358e-05,NA,"A","V"
"213",213,NA,"exclude","t",1.10618e-05,NA,"A","A"
"214",214,NA,"exclude","a",1.11047e-05,NA,"I","V"
"215",215,NA,"exclude","t",1.10618e-05,NA,"I","T"
"216",216,NA,"exclude","a",1.11047e-05,NA,"I","M"
"217",217,NA,"exclude","g",5.47833e-05,NA,"G","S"
"218",218,NA,"exclude","g",5.47833e-05,NA,"G","D"
"219",219,NA,"exclude","t",1.10618e-05,NA,"G","G"
"220",220,NA,"exclude","a",1.11047e-05,NA,"T","A"
"221",221,NA,"exclude","c",2.41358e-05,NA,"T","I"
"222",222,NA,"exclude","a",1.11047e-05,NA,"T","T"
"223",223,NA,"exclude","g",5.47833e-05,NA,"V","I"
"224",224,NA,"exclude","t",1.10618e-05,NA,"V","A"
"225",225,NA,"exclude","a",1.11047e-05,NA,"V","V"
"226",226,NA,"exclude","t",1.10618e-05,NA,"L","L"
"227",227,NA,"exclude","t",1.10618e-05,NA,"L","S"
"228",228,NA,"exclude","a",1.11047e-05,NA,"L","L"
"229",229,NA,"exclude","g",5.47833e-05,NA,"V","I"
"230",230,NA,"exclude","t",1.10618e-05,NA,"V","A"
"231",231,NA,"exclude","a",1.11047e-05,NA,"V","V"
"232",232,NA,"exclude","g",5.47833e-05,NA,"G","R"
"233",233,NA,"exclude","g",5.47833e-05,NA,"G","E"
"234",234,NA,"exclude","a",1.11047e-05,NA,"G","G"
"235",235,NA,"exclude","c",2.41358e-05,NA,"P","S"
"236",236,NA,"exclude","c",2.41358e-05,NA,"P","L"
"237",237,NA,"exclude","t",1.10618e-05,NA,"P","P"
"238",238,NA,"exclude","a",1.11047e-05,NA,"T","A"
"239",239,NA,"exclude","c",2.41358e-05,NA,"T","I"
"240",240,NA,"exclude","a",1.11047e-05,NA,"T","T"
"241",241,NA,"exclude","c",2.41358e-05,NA,"P","S"
"242",242,NA,"exclude","c",2.41358e-05,NA,"P","L"
"243",243,NA,"exclude","t",1.10618e-05,NA,"P","P"
"244",244,NA,"exclude","g",5.47833e-05,NA,"V","I"
"245",245,NA,"exclude","t",1.10618e-05,NA,"V","A"
"246",246,NA,"exclude","c",2.41358e-05,NA,"V","V"
"247",247,NA,"exclude","a",1.11047e-05,NA,"N","D"
"248",248,NA,"exclude","a",1.11047e-05,NA,"N","S"
"249",249,NA,"exclude","c",2.41358e-05,NA,"N","N"
"250",250,NA,"exclude","a",1.11047e-05,NA,"I","V"
"251",251,NA,"exclude","t",1.10618e-05,NA,"I","T"
"252",252,NA,"exclude","a",1.11047e-05,NA,"I","M"
"253",253,NA,"exclude","a",1.11047e-05,NA,"I","V"
"254",254,NA,"exclude","t",1.10618e-05,NA,"I","T"
"255",255,NA,"exclude","t",1.10618e-05,NA,"I","I"
"256",256,NA,"exclude","g",5.47833e-05,NA,"G","R"
"257",257,NA,"exclude","g",5.47833e-05,NA,"G","E"
"258",258,NA,"exclude","a",1.11047e-05,NA,"G","G"
"259",259,NA,"exclude","a",1.11047e-05,NA,"R","G"
"260",260,NA,"exclude","g",5.47833e-05,NA,"R","K"
"261",261,NA,"exclude","a",1.11047e-05,NA,"R","R"
"262",262,NA,"exclude","a",1.11047e-05,NA,"N","D"
"263",263,NA,"exclude","a",1.11047e-05,NA,"N","S"
"264",264,NA,"exclude","t",1.10618e-05,NA,"N","N"
"265",265,NA,"exclude","c",2.41358e-05,NA,"L","L"
"266",266,NA,"exclude","t",1.10618e-05,NA,"L","P"
"267",267,NA,"exclude","g",5.47833e-05,NA,"L","L"
"268",268,NA,"exclude","t",1.10618e-05,NA,"L","L"
"269",269,NA,"exclude","t",1.10618e-05,NA,"L","S"
"270",270,NA,"exclude","g",5.47833e-05,NA,"L","L"
"271",271,NA,"exclude","a",1.11047e-05,NA,"T","A"
"272",272,NA,"exclude","c",2.41358e-05,NA,"T","I"
"273",273,NA,"exclude","t",1.10618e-05,NA,"T","T"
"274",274,NA,"exclude","c",2.41358e-05,NA,"Q","*"
"275",275,NA,"exclude","a",1.11047e-05,NA,"Q","R"
"276",276,NA,"exclude","g",5.47833e-05,NA,"Q","Q"
"277",277,NA,"exclude","a",1.11047e-05,NA,"I","V"
"278",278,NA,"exclude","t",1.10618e-05,NA,"I","T"
"279",279,NA,"exclude","t",1.10618e-05,NA,"I","I"
"280",280,NA,"exclude","g",5.47833e-05,NA,"G","S"
"281",281,NA,"exclude","g",5.47833e-05,NA,"G","D"
"282",282,NA,"exclude","t",1.10618e-05,NA,"G","G"
"283",283,NA,"exclude","t",1.10618e-05,NA,"C","R"
"284",284,NA,"exclude","g",5.47833e-05,NA,"C","Y"
"285",285,NA,"exclude","c",2.41358e-05,NA,"C","C"
"286",286,NA,"exclude","a",1.11047e-05,NA,"T","A"
"287",287,NA,"exclude","c",2.41358e-05,NA,"T","I"
"288",288,NA,"exclude","t",1.10618e-05,NA,"T","T"
"289",289,NA,"exclude","t",1.10618e-05,NA,"L","L"
"290",290,NA,"exclude","t",1.10618e-05,NA,"L","S"
"291",291,NA,"exclude","a",1.11047e-05,NA,"L","L"
"292",292,NA,"exclude","a",1.11047e-05,NA,"N","D"
"293",293,NA,"exclude","a",1.11047e-05,NA,"N","S"
"294",294,NA,"exclude","t",1.10618e-05,NA,"N","N"
"295",295,NA,"exclude","t",1.10618e-05,NA,"F","L"
"296",296,NA,"exclude","t",1.10618e-05,NA,"F","S"
"297",297,NA,"exclude","t",1.10618e-05,NA,"F","F"
"298",298,NA,"exclude","c",2.41358e-05,NA,"P","S"
"299",299,NA,"exclude","c",2.41358e-05,NA,"P","L"
"300",300,NA,"exclude","c",2.41358e-05,NA,"P","P"
"301",301,NA,"exclude","a",1.11047e-05,NA,"I","V"
"302",302,NA,"exclude","t",1.10618e-05,NA,"I","T"
"303",303,NA,"exclude","t",1.10618e-05,NA,"I","I"
"304",304,NA,"exclude","a",1.11047e-05,NA,"S","G"
"305",305,NA,"exclude","g",5.47833e-05,NA,"S","N"
"306",306,NA,"exclude","t",1.10618e-05,NA,"S","S"
"307",307,NA,"exclude","c",2.41358e-05,NA,"P","S"
"308",308,NA,"exclude","c",2.41358e-05,NA,"P","L"
"309",309,NA,"exclude","t",1.10618e-05,NA,"P","P"
"310",310,NA,"exclude","a",1.11047e-05,NA,"I","V"
"311",311,NA,"exclude","t",1.10618e-05,NA,"I","T"
"312",312,NA,"exclude","t",1.10618e-05,NA,"I","I"
"313",313,NA,"exclude","g",5.47833e-05,NA,"E","K"
"314",314,NA,"exclude","a",1.11047e-05,NA,"E","G"
"315",315,NA,"exclude","a",1.11047e-05,NA,"E","E"
"316",316,NA,"exclude","a",1.11047e-05,NA,"T","A"
"317",317,NA,"exclude","c",2.41358e-05,NA,"T","I"
"318",318,NA,"exclude","t",1.10618e-05,NA,"T","T"
"319",319,NA,"exclude","g",5.47833e-05,NA,"V","I"
"320",320,NA,"exclude","t",1.10618e-05,NA,"V","A"
"321",321,NA,"exclude","a",1.11047e-05,NA,"V","V"
"322",322,NA,"exclude","c",2.41358e-05,NA,"P","S"
"323",323,NA,"exclude","c",2.41358e-05,NA,"P","L"
"324",324,NA,"exclude","a",1.11047e-05,NA,"P","P"
"325",325,NA,"exclude","g",5.47833e-05,NA,"V","I"
"326",326,NA,"exclude","t",1.10618e-05,NA,"V","A"
"327",327,NA,"exclude","a",1.11047e-05,NA,"V","V"
"328",328,NA,"exclude","a",1.11047e-05,NA,"K","E"
"329",329,NA,"exclude","a",1.11047e-05,NA,"K","R"
"330",330,NA,"exclude","a",1.11047e-05,NA,"K","K"
"331",331,NA,"exclude","t",1.10618e-05,NA,"L","L"
"332",332,NA,"exclude","t",1.10618e-05,NA,"L","S"
"333",333,NA,"exclude","a",1.11047e-05,NA,"L","L"
"334",334,NA,"exclude","a",1.11047e-05,NA,"K","E"
"335",335,NA,"exclude","a",1.11047e-05,NA,"K","R"
"336",336,NA,"exclude","g",5.47833e-05,NA,"K","K"
"337",337,NA,"exclude","c",2.41358e-05,NA,"P","S"
"338",338,NA,"exclude","c",2.41358e-05,NA,"P","L"
"339",339,NA,"exclude","a",1.11047e-05,NA,"P","P"
"340",340,NA,"exclude","g",5.47833e-05,NA,"G","R"
"341",341,NA,"exclude","g",5.47833e-05,NA,"G","E"
"342",342,NA,"exclude","a",1.11047e-05,NA,"G","G"
"343",343,NA,"exclude","a",1.11047e-05,NA,"M","V"
"344",344,NA,"exclude","t",1.10618e-05,NA,"M","T"
"345",345,NA,"exclude","g",5.47833e-05,NA,"M","I"
"346",346,NA,"exclude","g",5.47833e-05,NA,"D","N"
"347",347,NA,"exclude","a",1.11047e-05,NA,"D","G"
"348",348,NA,"exclude","t",1.10618e-05,NA,"D","D"
"349",349,NA,"exclude","g",5.47833e-05,NA,"G","S"
"350",350,NA,"exclude","g",5.47833e-05,NA,"G","D"
"351",351,NA,"exclude","c",2.41358e-05,NA,"G","G"
"352",352,NA,"exclude","c",2.41358e-05,NA,"P","S"
"353",353,NA,"exclude","c",2.41358e-05,NA,"P","L"
"354",354,NA,"exclude","a",1.11047e-05,NA,"P","P"
"355",355,NA,"exclude","a",1.11047e-05,NA,"K","E"
"356",356,NA,"exclude","a",1.11047e-05,NA,"K","R"
"357",357,NA,"exclude","a",1.11047e-05,NA,"K","K"
"358",358,NA,"exclude","g",5.47833e-05,NA,"V","I"
"359",359,NA,"exclude","t",1.10618e-05,NA,"V","A"
"360",360,NA,"exclude","t",1.10618e-05,NA,"V","V"
"361",361,NA,"exclude","a",1.11047e-05,NA,"K","E"
"362",362,NA,"exclude","a",1.11047e-05,NA,"K","R"
"363",363,NA,"exclude","a",1.11047e-05,NA,"K","K"
"364",364,NA,"exclude","c",2.41358e-05,NA,"Q","*"
"365",365,NA,"exclude","a",1.11047e-05,NA,"Q","R"
"366",366,NA,"exclude","a",1.11047e-05,NA,"Q","Q"
"367",367,NA,"exclude","t",1.10618e-05,NA,"W","R"
"368",368,NA,"exclude","g",5.47833e-05,NA,"W","*"
"369",369,NA,"exclude","g",5.47833e-05,NA,"W","*"
"370",370,NA,"exclude","c",2.41358e-05,NA,"P","S"
"371",371,NA,"exclude","c",2.41358e-05,NA,"P","L"
"372",372,NA,"exclude","a",1.11047e-05,NA,"P","P"
"373",373,NA,"exclude","t",1.10618e-05,NA,"L","L"
"374",374,NA,"exclude","t",1.10618e-05,NA,"L","S"
"375",375,NA,"exclude","g",5.47833e-05,NA,"L","L"
"376",376,NA,"exclude","a",1.11047e-05,NA,"T","A"
"377",377,NA,"exclude","c",2.41358e-05,NA,"T","I"
"378",378,NA,"exclude","a",1.11047e-05,NA,"T","T"
"379",379,NA,"exclude","g",5.47833e-05,NA,"E","K"
"380",380,NA,"exclude","a",1.11047e-05,NA,"E","G"
"381",381,NA,"exclude","a",1.11047e-05,NA,"E","E"
"382",382,NA,"exclude","g",5.47833e-05,NA,"E","K"
"383",383,NA,"exclude","a",1.11047e-05,NA,"E","G"
"384",384,NA,"exclude","a",1.11047e-05,NA,"E","E"
"385",385,NA,"exclude","a",1.11047e-05,NA,"K","E"
"386",386,NA,"exclude","a",1.11047e-05,NA,"K","R"
"387",387,NA,"exclude","a",1.11047e-05,NA,"K","K"
"388",388,NA,"exclude","a",1.11047e-05,NA,"I","V"
"389",389,NA,"exclude","t",1.10618e-05,NA,"I","T"
"390",390,NA,"exclude","a",1.11047e-05,NA,"I","M"
"391",391,NA,"exclude","a",1.11047e-05,NA,"K","E"
"392",392,NA,"exclude","a",1.11047e-05,NA,"K","R"
"393",393,NA,"exclude","a",1.11047e-05,NA,"K","K"
"394",394,NA,"exclude","g",5.47833e-05,NA,"A","T"
"395",395,NA,"exclude","c",2.41358e-05,NA,"A","V"
"396",396,NA,"exclude","a",1.11047e-05,NA,"A","A"
"397",397,NA,"exclude","t",1.10618e-05,NA,"L","L"
"398",398,NA,"exclude","t",1.10618e-05,NA,"L","S"
"399",399,NA,"exclude","a",1.11047e-05,NA,"L","L"
"400",400,NA,"exclude","g",5.47833e-05,NA,"V","I"
"401",401,NA,"exclude","t",1.10618e-05,NA,"V","A"
"402",402,NA,"exclude","a",1.11047e-05,NA,"V","V"
"403",403,NA,"exclude","g",5.47833e-05,NA,"E","K"
"404",404,NA,"exclude","a",1.11047e-05,NA,"E","G"
"405",405,NA,"exclude","a",1.11047e-05,NA,"E","E"
"406",406,NA,"exclude","a",1.11047e-05,NA,"I","V"
"407",407,NA,"exclude","t",1.10618e-05,NA,"I","T"
"408",408,NA,"exclude","t",1.10618e-05,NA,"I","I"
"409",409,NA,"exclude","t",1.10618e-05,NA,"C","R"
"410",410,NA,"exclude","g",5.47833e-05,NA,"C","Y"
"411",411,NA,"exclude","t",1.10618e-05,NA,"C","C"
"412",412,NA,"exclude","a",1.11047e-05,NA,"T","A"
"413",413,NA,"exclude","c",2.41358e-05,NA,"T","I"
"414",414,NA,"exclude","a",1.11047e-05,NA,"T","T"
"415",415,NA,"exclude","g",5.47833e-05,NA,"E","K"
"416",416,NA,"exclude","a",1.11047e-05,NA,"E","G"
"417",417,NA,"exclude","a",1.11047e-05,NA,"E","E"
"418",418,NA,"exclude","a",1.11047e-05,NA,"M","V"
"419",419,NA,"exclude","t",1.10618e-05,NA,"M","T"
"420",420,NA,"exclude","g",5.47833e-05,NA,"M","I"
"421",421,NA,"exclude","g",5.47833e-05,NA,"E","K"
"422",422,NA,"exclude","a",1.11047e-05,NA,"E","G"
"423",423,NA,"exclude","a",1.11047e-05,NA,"E","E"
"424",424,NA,"exclude","a",1.11047e-05,NA,"K","E"
"425",425,NA,"exclude","a",1.11047e-05,NA,"K","R"
"426",426,NA,"exclude","g",5.47833e-05,NA,"K","K"
"427",427,NA,"exclude","g",5.47833e-05,NA,"E","K"
"428",428,NA,"exclude","a",1.11047e-05,NA,"E","G"
"429",429,NA,"exclude","a",1.11047e-05,NA,"E","E"
"430",430,NA,"exclude","g",5.47833e-05,NA,"G","R"
"431",431,NA,"exclude","g",5.47833e-05,NA,"G","E"
"432",432,NA,"exclude","g",5.47833e-05,NA,"G","G"
"433",433,NA,"exclude","a",1.11047e-05,NA,"K","E"
"434",434,NA,"exclude","a",1.11047e-05,NA,"K","R"
"435",435,NA,"exclude","a",1.11047e-05,NA,"K","K"
"436",436,NA,"exclude","a",1.11047e-05,NA,"I","V"
"437",437,NA,"exclude","t",1.10618e-05,NA,"I","T"
"438",438,NA,"exclude","t",1.10618e-05,NA,"I","I"
"439",439,NA,"exclude","t",1.10618e-05,NA,"S","P"
"440",440,NA,"exclude","c",2.41358e-05,NA,"S","L"
"441",441,NA,"exclude","a",1.11047e-05,NA,"S","S"
"442",442,NA,"exclude","a",1.11047e-05,NA,"K","E"
"443",443,NA,"exclude","a",1.11047e-05,NA,"K","R"
"444",444,NA,"exclude","a",1.11047e-05,NA,"K","K"
"445",445,0,"nonsyn","a",1.11047e-05,1,"I","V"
"446",446,0,"nonsyn","t",1.10618e-05,1,"I","T"
"447",447,0,"syn","t",1.10618e-05,1,"I","I"
"448",448,0,"nonsyn","g",5.47833e-05,1,"G","R"
"449",449,0,"nonsyn","g",5.47833e-05,1,"G","E"
"450",450,0,"syn","g",5.47833e-05,1,"G","G"
"451",451,0.000230414746543779,"nonsyn","c",2.41358e-05,0.104749372,"P","S"
"452",452,0.000496277915632755,"nonsyn","c",2.41358e-05,0.048633637,"P","L"
"453",453,0.000686341798215513,"syn","t",1.10618e-05,0.0161170426,"P","P"
"454",454,8.4724222655257e-05,"nonsyn","g",5.47833e-05,0.646607289900001,"E","K"
"455",455,0,"nonsyn","a",1.11047e-05,1,"E","G"
"456",456,0,"syn","a",1.11047e-05,1,"E","E"
"457",457,0,"nonsyn","a",1.11047e-05,1,"N","D"
"458",458,0,"nonsyn","a",1.11047e-05,1,"N","S"
"459",459,0.00092713694348916,"syn","t",1.10618e-05,0.0119311392752513,"N","N"
"460",460,0.000399195385990731,"nonsyn","c",2.41358e-05,0.0604611196597357,"P","S"
"461",461,8.60835686751458e-05,"nonsyn","c",2.41358e-05,0.280376387404215,"P","L"
"462",462,2.40096038415366e-05,"syn","a",1.11047e-05,0.462510755,"P","P"
"463",463,2.85828617161151e-05,"nonsyn","t",1.10618e-05,0.387008134799999,"Y","H"
"464",464,2.85828617161151e-05,"nonsyn","a",1.11047e-05,0.388509034199999,"Y","C"
"465",465,0.182971451251736,"exclude","c",2.41358e-05,0.000131910196016282,"Y","Y"
"466",466,2.85686926780624e-05,"nonsyn","a",1.11047e-05,0.388701720626061,"N","D"
"467",467,0.000773019124187758,"nonsyn","a",1.11047e-05,0.0143653625797009,"N","S"
"468",468,0.122731914063044,"exclude","t",1.10618e-05,9.01297766310222e-05,"N","N"
"469",469,0.000133679135333292,"nonsyn","a",1.11047e-05,0.0830698072089824,"T","A"
"470",470,0.000412301426262583,"nonsyn","c",2.41358e-05,0.0585392105450264,"T","I"
"471",471,0.0288044801982834,"syn","t",1.10618e-05,0.000384030537050247,"T","T"
"472",472,0.000212720210095161,"nonsyn","c",2.41358e-05,0.113462655895285,"P","S"
"473",473,0.000295436337224901,"nonsyn","c",2.41358e-05,0.0816954347143379,"P","L"
"474",474,0.000813567702657198,"syn","a",1.11047e-05,0.013649386478508,"P","P"
"475",475,0.768810187470951,"exclude","g",5.47833e-05,7.12572503496775e-05,"V","I"
"476",476,0.000200431563012933,"nonsyn","t",1.10618e-05,0.0551899103799647,"V","A"
"477",477,0.0297623991759375,"syn","a",1.11047e-05,0.000373111721751854,"V","V"
"478",478,0.000894584407929633,"nonsyn","t",1.10618e-05,0.0123652948810059,"F","L"
"479",479,0.000644756143090107,"nonsyn","t",1.10618e-05,0.0171565639483238,"F","S"
"480",480,0.00117481506799013,"syn","t",1.10618e-05,0.00941577981198736,"F","F"
"481",481,0.000935135501562404,"res","g",5.47833e-05,0.0585832747323455,"A","T"
"482",482,0.029335659072477,"res","c",2.41358e-05,0.000822746130924477,"A","V"
"483",483,0.734663652495188,"exclude","c",2.41358e-05,3.2852857110905e-05,"A","A"
"484",484,0.000918717790312956,"nonsyn","a",1.11047e-05,0.012087172053365,"I","V"
"485",485,0.000340337790360008,"nonsyn","t",1.10618e-05,0.0325024146989345,"I","T"
"486",486,0.000421418152620132,"nonsyn","a",1.11047e-05,0.0263507870530907,"I","M"
"487",487,0.000528411151538188,"nonsyn","a",1.11047e-05,0.0210152642836446,"K","E"
"488",488,0.00326618785530274,"nonsyn","a",1.11047e-05,0.00339989629866856,"K","R"
"489",489,0.052901619394692,"exclude","g",5.47833e-05,0.00103556943297461,"K","K"
"490",490,0.0026697571625503,"res","a",1.11047e-05,0.00415944197313893,"K","E"
"491",491,0.0183068095162659,"res","a",1.11047e-05,0.000606588493212501,"K","R"
"492",492,0.0758372385961066,"exclude","a",1.11047e-05,0.000146428063647482,"K","K"
"493",493,0.0102736133518287,"nonsyn","a",1.11047e-05,0.00108089526242716,"K","E"
"494",494,0.0186773732682281,"nonsyn","a",1.11047e-05,0.000594553625958211,"K","R"
"495",495,0.229349023813121,"exclude","a",1.11047e-05,4.84183443006427e-05,"K","K"
"496",496,0.0099882512554767,"res","g",5.47833e-05,0.0054847739207563,"D","N"
"497",497,0.00395794783823388,"res","a",1.11047e-05,0.00280567113409841,"D","G"
"498",498,0.368920008539093,"exclude","c",2.41358e-05,6.54228543894291e-05,"D","D"
"499",499,0.0194445341129677,"nonsyn","a",1.11047e-05,0.000571096223518887,"S","G"
"500",500,0.000301271250413005,"nonsyn","g",5.47833e-05,0.181840450839232,"S","N"
"501",501,0.636792789929001,"exclude","t",1.10618e-05,1.73711137672167e-05,"S","S"
"502",502,0.000921797722468804,"nonsyn","a",1.11047e-05,0.0120467861107954,"T","A"
"503",503,0.000554259620089932,"nonsyn","c",2.41358e-05,0.0435460190949574,"T","I"
"504",504,0.0802607900456915,"syn","t",1.10618e-05,0.000137823213473262,"T","T"
"505",505,0.000573793106805891,"res","a",1.11047e-05,0.019353142915599,"K","E"
"506",506,0.0168178721702314,"res","a",1.11047e-05,0.000660291616418394,"K","R"
"507",507,0.290510963029296,"exclude","a",1.11047e-05,3.82247192471018e-05,"K","K"
"508",508,0.000469421166864045,"nonsyn","t",1.10618e-05,0.0235647661009793,"W","R"
"509",509,0.000804927210958864,"stop","g",5.47833e-05,0.0680599428794807,"W","*"
"510",510,0.00108532533877096,"stop","g",5.47833e-05,0.0504763853224299,"W","*"
"511",511,0.00155483887259197,"nonsyn","a",1.11047e-05,0.00714202622261952,"R","G"
"512",512,0.00264733606928727,"nonsyn","g",5.47833e-05,0.0206937459265416,"R","K"
"513",513,0.205066928562811,"exclude","a",1.11047e-05,5.41515888389516e-05,"R","R"
"514",514,0.000790438094506931,"nonsyn","a",1.11047e-05,0.0140487915210198,"K","E"
"515",515,0.000880299082807406,"nonsyn","a",1.11047e-05,0.0126146899580827,"K","R"
"516",516,0.0639493024139837,"syn","a",1.11047e-05,0.00017364849311588,"K","K"
"517",517,0.0476091721142694,"syn","t",1.10618e-05,0.00023234598521163,"L","L"
"518",518,0.000218425741805394,"nonsyn","t",1.10618e-05,0.0506432983061837,"L","S"
"519",519,0.0348069180900022,"syn","a",1.11047e-05,0.000319037151502065,"L","L"
"520",520,0.000575543169185828,"res","g",5.47833e-05,0.0951853882263902,"V","I"
"521",521,0.00421659708053144,"res","t",1.10618e-05,0.00262339507160258,"V","A"
"522",522,0.0950614102256614,"res","a",1.11047e-05,0.00011681606630534,"V","V"
"523",523,0.00061238440469089,"nonsyn","g",5.47833e-05,0.0894590057819201,"D","N"
"524",524,0.000597840409904832,"nonsyn","a",1.11047e-05,0.0185746895258681,"D","G"
"525",525,0.0610081163855291,"syn","t",1.10618e-05,0.000181316858401218,"D","D"
"526",526,0.0006895240032784,"res","t",1.10618e-05,0.0160426612379058,"F","L"
"527",527,0.00079717001050455,"res","t",1.10618e-05,0.0138763373612094,"F","S"
"528",528,0.239866952212365,"res","c",2.41358e-05,0.00010062161451333,"F","F"
"529",529,0.00313848408366024,"nonsyn","a",1.11047e-05,0.00353823683790972,"R","G"
"530",530,0.000316754022602746,"nonsyn","g",5.47833e-05,0.17295218400022,"R","K"
"531",531,0.109443877294775,"exclude","a",1.11047e-05,0.000101464789757866,"R","R"
"532",532,0.0113487986510724,"nonsyn","g",5.47833e-05,0.0048272334089585,"E","K"
"533",533,0.0162869000339341,"nonsyn","a",1.11047e-05,0.000681817901311062,"E","G"
"534",534,0.561938229313702,"exclude","a",1.11047e-05,1.97614246917535e-05,"E","E"
"535",535,0.000262776076187215,"nonsyn","c",2.41358e-05,0.0918493051201678,"L","F"
"536",536,0.000230508881006231,"nonsyn","t",1.10618e-05,0.0479886065634972,"L","P"
"537",537,0.717661971865233,"exclude","t",1.10618e-05,1.54136633034211e-05,"L","L"
"538",538,0.000873274988340392,"nonsyn","a",1.11047e-05,0.0127161548747707,"N","D"
"539",539,0.00111314301833284,"nonsyn","a",1.11047e-05,0.00997598674843378,"N","S"
"540",540,0.0173787080309797,"syn","t",1.10618e-05,0.000636514519967823,"N","N"
"541",541,0.000188932010584039,"nonsyn","a",1.11047e-05,0.0587761701454,"K","E"
"542",542,0.00904615222852636,"nonsyn","a",1.11047e-05,0.00122756059366127,"K","R"
"543",543,0.751656344062139,"exclude","g",5.47833e-05,7.28834399293929e-05,"K","K"
"544",544,0.0144706319710412,"nonsyn","a",1.11047e-05,0.000767395648111489,"R","G"
"545",545,0.0015642622712268,"nonsyn","g",5.47833e-05,0.0350218125231873,"R","K"
"546",546,0.0374319260836618,"syn","a",1.11047e-05,0.000296663868569855,"R","R"
"547",547,0.000774992331698291,"nonsyn","a",1.11047e-05,0.0143287869386598,"T","A"
"548",548,0.000359511650169499,"nonsyn","c",2.41358e-05,0.0671349592944226,"T","I"
"549",549,0.121760865645943,"syn","t",1.10618e-05,9.08485656809104e-05,"T","T"
"550",550,0.00036191432887132,"stop","c",2.41358e-05,0.0666892633824994,"Q","*"
"551",551,0.00520865748019793,"nonsyn","a",1.11047e-05,0.00213196971431073,"Q","R"
"552",552,0.192609385246132,"syn","a",1.11047e-05,5.76539922278943e-05,"Q","Q"
"553",553,0.000344325166957232,"nonsyn","g",5.47833e-05,0.159103386151279,"D","N"
"554",554,0.00197310865232875,"nonsyn","a",1.11047e-05,0.00562802255562244,"D","G"
"555",555,0.214732465711502,"syn","c",2.41358e-05,0.000112399398572673,"D","D"
"556",556,0.000664881827435306,"nonsyn","t",1.10618e-05,0.0166372422038807,"F","L"
"557",557,0.000260801725414597,"nonsyn","t",1.10618e-05,0.0424145966918548,"F","S"
"558",558,0.541632444339593,"exclude","c",2.41358e-05,4.45612153633606e-05,"F","F"
"559",559,0.000680444628803206,"nonsyn","t",1.10618e-05,0.0162567232244245,"W","R"
"560",560,0.000287407636089398,"stop","g",5.47833e-05,0.190611845758196,"W","*"
"561",561,0.000476232659863391,"stop","g",5.47833e-05,0.115034739565562,"W","*"
"562",562,0.000504990928690903,"nonsyn","g",5.47833e-05,0.108483730870207,"E","K"
"563",563,0.00372383490358677,"nonsyn","a",1.11047e-05,0.00298206023830542,"E","G"
"564",564,0.0607921427169565,"syn","a",1.11047e-05,0.000182666698420265,"E","E"
"565",565,0.0195908953869281,"nonsyn","g",5.47833e-05,0.0027963652971448,"V","I"
"566",566,0.000857644461843828,"nonsyn","t",1.10618e-05,0.0128978854200475,"V","A"
"567",567,0.0537868044916091,"syn","t",1.10618e-05,0.00020566010761479,"V","V"
"568",568,0.000408275074428959,"stop","c",2.41358e-05,0.059116516073772,"Q","*"
"569",569,0.000946652304144807,"nonsyn","a",1.11047e-05,0.0117304948726997,"Q","R"
"570",570,0.0788863479351168,"syn","a",1.11047e-05,0.000140768336862717,"Q","Q"
"571",571,0.161702254007457,"syn","t",1.10618e-05,6.84084465482457e-05,"L","L"
"572",572,0.000150498012796041,"nonsyn","t",1.10618e-05,0.0735013027380716,"L","S"
"573",573,0.0671264862836148,"syn","a",1.11047e-05,0.00016542948416936,"L","L"
"574",574,0.000407729831415985,"nonsyn","g",5.47833e-05,0.134361765509641,"G","R"
"575",575,0.000698195952534705,"nonsyn","g",5.47833e-05,0.0784640755952777,"G","E"
"576",576,0.129630994517977,"syn","a",1.11047e-05,8.56639266040658e-05,"G","G"
"577",577,0.00108200570105262,"nonsyn","a",1.11047e-05,0.0102630697686684,"I","V"
"578",578,0.000351858901837074,"nonsyn","t",1.10618e-05,0.0314381700796705,"I","T"
"579",579,0.000763112430623438,"nonsyn","a",1.11047e-05,0.0145518531141313,"I","M"
"580",580,0.000176886459751079,"nonsyn","c",2.41358e-05,0.13644797930811,"P","S"
"581",581,0.00020887062066199,"nonsyn","c",2.41358e-05,0.115553829080914,"P","L"
"582",582,0.551659590934263,"exclude","a",1.11047e-05,2.01296237435003e-05,"P","P"
"583",583,0.000314357473998989,"nonsyn","c",2.41358e-05,0.0767781967864955,"H","Y"
"584",584,0.00095914816144815,"nonsyn","a",1.11047e-05,0.0115776690675545,"H","R"
"585",585,0.112199731911494,"exclude","t",1.10618e-05,9.85902533949529e-05,"H","H"
"586",586,0.342265280985288,"nonsyn","c",2.41358e-05,7.0517815685306e-05,"P","S"
"587",587,0.020547547574633,"nonsyn","c",2.41358e-05,0.00117463166406276,"P","L"
"588",588,0.635525550211801,"exclude","c",2.41358e-05,3.79777020639946e-05,"P","P"
"589",589,0.000379337794806174,"nonsyn","g",5.47833e-05,0.144418248722071,"A","T"
"590",590,0.0183708376007108,"nonsyn","c",2.41358e-05,0.00131381053627441,"A","V"
"591",591,0.428146564865288,"exclude","a",1.11047e-05,2.59366789582768e-05,"A","A"
"592",592,0.228374615686613,"nonsyn","g",5.47833e-05,0.000239883490707988,"G","R"
"593",593,0.00133678604118537,"nonsyn","g",5.47833e-05,0.0409813525217707,"G","E"
"594",594,0.349277330757158,"exclude","g",5.47833e-05,0.000156847568324121,"G","G"
"595",595,0.394436173261731,"exclude","t",1.10618e-05,2.80445880724531e-05,"L","L"
"596",596,0.00966361148852012,"res","t",1.10618e-05,0.00114468591924881,"L","S"
"597",597,0.0288713066678036,"res","a",1.11047e-05,0.000384627551768677,"L","L"
"598",598,0.00441465538974206,"res","a",1.11047e-05,0.00251541717747732,"K","E"
"599",599,0.0233278290129409,"res","a",1.11047e-05,0.000476028009029034,"K","R"
"600",600,0.137908918425451,"res","a",1.11047e-05,8.0521986009214e-05,"K","K"
"601",601,0.00117363715787506,"nonsyn","a",1.11047e-05,0.00946178290750927,"K","E"
"602",602,0.00492529993264112,"nonsyn","a",1.11047e-05,0.00225462411464661,"K","R"
"603",603,0.032537750433102,"syn","g",5.47833e-05,0.00168368431347567,"K","K"
"604",604,0.0315340418266051,"res","a",1.11047e-05,0.000352149593162239,"K","E"
"605",605,0.0529178690056788,"res","a",1.11047e-05,0.000209847830395595,"K","R"
"606",606,0.096691496762002,"res","a",1.11047e-05,0.000114846707020508,"K","K"
"607",607,0.0134458379085675,"nonsyn","a",1.11047e-05,0.000825883821857187,"K","E"
"608",608,0.0187946047138457,"nonsyn","a",1.11047e-05,0.00059084509459352,"K","R"
"609",609,0.0954453901241053,"syn","a",1.11047e-05,0.000116346111483864,"K","K"
"610",610,0.000419361365342195,"nonsyn","t",1.10618e-05,0.0263777279315506,"S","P"
"611",611,0.000249600158182259,"nonsyn","c",2.41358e-05,0.0966978553850754,"S","L"
"612",612,0.00150747572507293,"syn","a",1.11047e-05,0.00736642044399276,"S","S"
"613",613,0.000647721355227698,"res","g",5.47833e-05,0.0845784990070948,"V","I"
"614",614,0.000412752935947479,"res","t",1.10618e-05,0.0268000516449569,"V","A"
"615",615,0.0945787778698724,"exclude","a",1.11047e-05,0.000117412174803935,"V","V"
"616",616,0.00122062837621217,"nonsyn","a",1.11047e-05,0.009097527319871,"T","A"
"617",617,0.000501623271041903,"nonsyn","c",2.41358e-05,0.0481153913570805,"T","I"
"618",618,0.00163434265752985,"syn","a",1.11047e-05,0.00679459717265393,"T","T"
"619",619,0.00119455729314272,"res","g",5.47833e-05,0.0458607555405503,"V","I"
"620",620,0.000634944088378646,"res","t",1.10618e-05,0.0174216914567182,"V","A"
"621",621,0.0409060361678764,"res","a",1.11047e-05,0.000271468493168755,"V","V"
"622",622,0.0849762596725835,"syn","c",2.41358e-05,0.00028402991721448,"L","L"
"623",623,0.000386044943225607,"nonsyn","t",1.10618e-05,0.028654176655114,"L","P"
"624",624,0.524880592528536,"exclude","g",5.47833e-05,0.000104372881717896,"L","L"
"625",625,0.000776601373516495,"nonsyn","g",5.47833e-05,0.0705423681546404,"D","N"
"626",626,0.00117455598756372,"nonsyn","a",1.11047e-05,0.00945438115984026,"D","G"
"627",627,0.0098826107802644,"syn","t",1.10618e-05,0.00111931960551259,"D","D"
"628",628,0.00901840850124606,"nonsyn","g",5.47833e-05,0.00607460839597482,"V","M"
"629",629,0.00106460272567541,"nonsyn","t",1.10618e-05,0.0103905426251676,"V","A"
"630",630,0.0459576804706957,"syn","g",5.47833e-05,0.00119203796707999,"V","V"
"631",631,0.000211033691173958,"nonsyn","g",5.47833e-05,0.259595042361466,"G","S"
"632",632,0.000133165551154841,"nonsyn","g",5.47833e-05,0.411392432388909,"G","D"
"633",633,0.000837093668624198,"exclude","t",1.10618e-05,0.0132145307205352,"G","G"
"634",634,0.000298971650730061,"nonsyn","g",5.47833e-05,0.183239112692539,"D","N"
"635",635,0.0069941545277175,"nonsyn","a",1.11047e-05,0.00158771156055998,"D","G"
"636",636,0.501178044010719,"exclude","t",1.10618e-05,2.20715973738136e-05,"D","D"
"637",637,0.000758737458044618,"nonsyn","g",5.47833e-05,0.0722032363357741,"A","T"
"638",638,0.000391856247651168,"nonsyn","c",2.41358e-05,0.0615935056405833,"A","V"
"639",639,0.00972644457271878,"syn","a",1.11047e-05,0.00114170187440815,"A","A"
"640",640,0.0009559989551497,"nonsyn","t",1.10618e-05,0.0115709331484236,"Y","H"
"641",641,0.000305876499396583,"nonsyn","a",1.11047e-05,0.036304521667754,"Y","C"
"642",642,0.0180387633011506,"syn","t",1.10618e-05,0.000613223856609641,"Y","Y"
"643",643,0.000637100979121739,"res","t",1.10618e-05,0.0173627107201263,"F","L"
"644",644,0.00152782303649483,"res","t",1.10618e-05,0.00724023642514142,"F","S"
"645",645,0.087113114776451,"res","t",1.10618e-05,0.00012698202823291,"F","F"
"646",646,0.0011727242416232,"nonsyn","t",1.10618e-05,0.00943256701566011,"S","P"
"647",647,0.000176497147151965,"nonsyn","c",2.41358e-05,0.136748952543799,"S","L"
"648",648,0.0092119049999798,"syn","a",1.11047e-05,0.00120547270081751,"S","S"
"649",649,0.019784510589739,"nonsyn","g",5.47833e-05,0.00276899950350112,"V","I"
"650",650,0.000941611691118614,"nonsyn","t",1.10618e-05,0.0117477300933454,"V","A"
"651",651,0.131357443094809,"syn","t",1.10618e-05,8.42114442804431e-05,"V","V"
"652",652,0.10072922979517,"nonsyn","c",2.41358e-05,0.000239610687474524,"P","S"
"653",653,0.000113951047066552,"nonsyn","c",2.41358e-05,0.211808496905726,"P","L"
"654",654,0.573398091660588,"exclude","c",2.41358e-05,4.2092571201452e-05,"P","P"
"655",655,0.0440324815301856,"syn","t",1.10618e-05,0.000251219091352297,"L","L"
"656",656,0.000438031336206947,"nonsyn","t",1.10618e-05,0.0252534444128761,"L","S"
"657",657,0.0288594575368054,"syn","a",1.11047e-05,0.000384785472347768,"L","L"
"658",658,0.000782844647545352,"nonsyn","g",5.47833e-05,0.0699797848420829,"D","N"
"659",659,0.00108035147596909,"nonsyn","a",1.11047e-05,0.010278784494684,"D","G"
"660",660,0.0302197207782009,"syn","t",1.10618e-05,0.000366045738184962,"D","D"
"661",661,0.846431403514484,"exclude","a",1.11047e-05,1.31194328966198e-05,"K","E"
"662",662,0.0238725822726127,"nonsyn","a",1.11047e-05,0.000465165430081673,"K","R"
"663",663,0.0354446282059902,"syn","a",1.11047e-05,0.000313297121794137,"K","K"
"664",664,0.385336502082482,"exclude","g",5.47833e-05,0.000142170024651009,"D","N"
"665",665,0.306362125326547,"exclude","a",1.11047e-05,3.62469740284105e-05,"D","G"
"666",666,0.190884420742424,"syn","c",2.41358e-05,0.000126441958469562,"D","D"
"667",667,0.000186342442595022,"nonsyn","t",1.10618e-05,0.0593627508899869,"F","L"
"668",668,0.000176914830692342,"nonsyn","t",1.10618e-05,0.0625261316799192,"F","S"
"669",669,0.896532713663704,"exclude","c",2.41358e-05,2.69212708383707e-05,"F","F"
"670",670,0.000360102053541634,"nonsyn","a",1.11047e-05,0.0308376469691976,"R","G"
"671",671,0.0394184375142701,"nonsyn","g",5.47833e-05,0.00138978872463343,"R","K"
"672",672,0.870670169766671,"exclude","g",5.47833e-05,6.29208417863693e-05,"R","R"
"673",673,0.000469676648045521,"nonsyn","a",1.11047e-05,0.023643287453635,"K","E"
"674",674,0.00967229469810298,"nonsyn","a",1.11047e-05,0.00114809363719842,"K","R"
"675",675,0.453513397329242,"exclude","g",5.47833e-05,0.000120797533926497,"K","K"
"676",676,0.000471398096515884,"nonsyn","t",1.10618e-05,0.0234659411689569,"Y","H"
"677",677,0.000489538323981795,"nonsyn","a",1.11047e-05,0.0226840258586434,"Y","C"
"678",678,0.0452543046427786,"syn","t",1.10618e-05,0.000244436415216584,"Y","Y"
"679",679,0.000691750180121355,"nonsyn","a",1.11047e-05,0.0160530496689598,"T","A"
"680",680,0.000367970483505521,"nonsyn","c",2.41358e-05,0.0655916740116408,"T","I"
"681",681,0.058623733369882,"syn","t",1.10618e-05,0.000188691496841499,"T","T"
"682",682,0.000475495600743923,"nonsyn","g",5.47833e-05,0.11521305331593,"A","T"
"683",683,0.000262502254767909,"nonsyn","c",2.41358e-05,0.0919451149908773,"A","V"
"684",684,0.195382194281824,"syn","a",1.11047e-05,5.68357830191135e-05,"A","A"
"685",685,0.000100398699765161,"nonsyn","t",1.10618e-05,0.110178717711228,"F","L"
"686",686,0.0150806765603205,"nonsyn","t",1.10618e-05,0.000733508205401425,"F","S"
"687",687,0.939467420332689,"exclude","t",1.10618e-05,1.17745434919741e-05,"F","F"
"688",688,0.00116864696833242,"nonsyn","a",1.11047e-05,0.00950218526288193,"T","A"
"689",689,0.000361060479192971,"nonsyn","c",2.41358e-05,0.0668469727120162,"T","I"
"690",690,0.111341958367154,"syn","c",2.41358e-05,0.000216771829362039,"T","T"
"691",691,0.00958646941341724,"nonsyn","a",1.11047e-05,0.0011583722349813,"I","V"
"692",692,0.000795224162023189,"nonsyn","t",1.10618e-05,0.0139102916237566,"I","T"
"693",693,0.000790601503693179,"nonsyn","a",1.11047e-05,0.0140458877805393,"I","M"
"694",694,0.000416013508020515,"nonsyn","c",2.41358e-05,0.0580168661225534,"P","S"
"695",695,0.000306803221114842,"nonsyn","c",2.41358e-05,0.0786686655775545,"P","L"
"696",696,0.0616734340848044,"syn","t",1.10618e-05,0.000179360857136468,"P","P"
"697",697,0.000471411678946551,"nonsyn","a",1.11047e-05,0.0235562683232951,"S","G"
"698",698,0.00920912838012379,"nonsyn","g",5.47833e-05,0.00594880402777744,"S","N"
"699",699,0.0521732755633799,"syn","t",1.10618e-05,0.000212020423877013,"S","S"
"700",700,0.0346164282109209,"nonsyn","a",1.11047e-05,0.000320792773082714,"I","V"
"701",701,0.467332167022287,"exclude","t",1.10618e-05,2.3670101868833e-05,"I","T"
"702",702,0.010029267899884,"nonsyn","a",1.11047e-05,0.0011072293721587,"I","M"
"703",703,0.00102313175998261,"nonsyn","a",1.11047e-05,0.0108536362903921,"N","D"
"704",704,0.000782984409990191,"nonsyn","a",1.11047e-05,0.0141825301478724,"N","S"
"705",705,0.0693195593778361,"syn","c",2.41358e-05,0.00034818167075247,"N","N"
"706",706,0.000418631448180073,"nonsyn","a",1.11047e-05,0.0265261963674152,"N","D"
"707",707,0.000885330272315674,"nonsyn","a",1.11047e-05,0.0125430027044647,"N","S"
"708",708,0.00134705837044696,"syn","t",1.10618e-05,0.00821181935592711,"N","N"
"709",709,0.00534277163175801,"nonsyn","g",5.47833e-05,0.0102537229318136,"E","K"
"710",710,0.00162880576839768,"nonsyn","a",1.11047e-05,0.00681769442094013,"E","G"
"711",711,0.144810827955007,"exclude","g",5.47833e-05,0.000378309417697835,"E","E"
"712",712,0.0195917582468145,"nonsyn","a",1.11047e-05,0.000566804666539081,"T","A"
"713",713,0.00976012347864622,"nonsyn","c",2.41358e-05,0.00247289904198505,"T","I"
"714",714,0.0121634808541651,"syn","a",1.11047e-05,0.000912954123341879,"T","T"
"715",715,0.00045698742430336,"nonsyn","c",2.41358e-05,0.0528150200999361,"P","S"
"716",716,0.000485442124195903,"nonsyn","c",2.41358e-05,0.0497192122335471,"P","L"
"717",717,0.035750873281276,"syn","a",1.11047e-05,0.000310613391528422,"P","P"
"718",718,0.0048306189639248,"nonsyn","g",5.47833e-05,0.0113408448087343,"G","R"
"719",719,2.38065085325155e-05,"nonsyn","g",5.47833e-05,1,"G","E"
"720",720,0.929786398891016,"exclude","g",5.47833e-05,5.8920306927851e-05,"G","G"
"721",721,0.0572382083290888,"nonsyn","a",1.11047e-05,0.000194008518508371,"I","V"
"722",722,0.0351096021778402,"nonsyn","t",1.10618e-05,0.000315064806031376,"I","T"
"723",723,0.623667813891364,"exclude","t",1.10618e-05,1.77366857060974e-05,"I","I"
"724",724,0.000569533470715797,"nonsyn","a",1.11047e-05,0.0194978883085545,"R","G"
"725",725,0.000137848442584475,"nonsyn","g",5.47833e-05,0.397416894764176,"R","K"
"726",726,0.54215117985479,"exclude","a",1.11047e-05,2.0482663162283e-05,"R","R"
"727",727,0.00064998481426718,"nonsyn","t",1.10618e-05,0.017018551444885,"Y","H"
"728",728,0.00055482606623485,"nonsyn","a",1.11047e-05,0.0200147409716319,"Y","C"
"729",729,0.0785301882190785,"syn","t",1.10618e-05,0.000140860479910484,"Y","Y"
"730",730,0.000319277359898172,"stop","c",2.41358e-05,0.0755950876306974,"Q","*"
"731",731,0.0010146927094228,"nonsyn","a",1.11047e-05,0.0109439043928056,"Q","R"
"732",732,0.0962090667512321,"exclude","g",5.47833e-05,0.000569419305788021,"Q","Q"
"733",733,0.000896195442662565,"nonsyn","t",1.10618e-05,0.0123430665604991,"Y","H"
"734",734,0.000545632503672981,"nonsyn","a",1.11047e-05,0.0203519766972231,"Y","C"
"735",735,0.130071564462579,"exclude","c",2.41358e-05,0.000185557851170028,"Y","Y"
"736",736,0.000824076080003967,"nonsyn","a",1.11047e-05,0.0134753334909885,"N","D"
"737",737,0.000850518488637778,"nonsyn","a",1.11047e-05,0.0130563887185871,"N","S"
"738",738,0.018361230536591,"syn","t",1.10618e-05,0.000602454175277392,"N","N"
"739",739,0.000289325196316188,"nonsyn","g",5.47833e-05,0.189348527876329,"V","M"
"740",740,0.00122481396134286,"nonsyn","t",1.10618e-05,0.00903141240149819,"V","A"
"741",741,0.102615457052592,"syn","g",5.47833e-05,0.000533869863016084,"V","V"
"742",742,0.000431177523411469,"nonsyn","c",2.41358e-05,0.0559764799636075,"L","F"
"743",743,0.00218136655750012,"nonsyn","t",1.10618e-05,0.00507104134422828,"L","P"
"744",744,0.0476898639628546,"syn","t",1.10618e-05,0.000231952852887481,"L","L"
"745",745,0.000269424931551715,"nonsyn","c",2.41358e-05,0.0895826524330663,"P","S"
"746",746,0.000234847637931977,"nonsyn","c",2.41358e-05,0.102772164167948,"P","L"
"747",747,0.00440047247654622,"syn","a",1.11047e-05,0.00252352447587985,"P","P"
"748",748,0.000373336025098499,"res","c",2.41358e-05,0.0646489981609253,"Q","*"
"749",749,0.00126664178869563,"res","a",1.11047e-05,0.00876704061014401,"Q","R"
"750",750,0.305671673107659,"res","g",5.47833e-05,0.000179222691599248,"Q","Q"
"751",751,0.000361903759672924,"nonsyn","g",5.47833e-05,0.151375327102187,"G","R"
"752",752,0.000417087431520089,"nonsyn","g",5.47833e-05,0.131347280833518,"G","E"
"753",753,0.0444308541130817,"syn","a",1.11047e-05,0.000249932174874182,"G","G"
"754",754,0.00097620947439937,"nonsyn","t",1.10618e-05,0.0113313794734537,"W","R"
"755",755,0.000563487909552112,"stop","g",5.47833e-05,0.0972217843033127,"W","*"
"756",756,0.000839192167341761,"stop","g",5.47833e-05,0.0652809953809894,"W","*"
"757",757,0.0108880783517023,"nonsyn","a",1.11047e-05,0.00101989530579231,"K","E"
"758",758,0.00118436132951635,"nonsyn","a",1.11047e-05,0.00937610822242459,"K","R"
"759",759,0.0623010226969983,"syn","a",1.11047e-05,0.000178242659899948,"K","K"
"760",760,0.000301390575850208,"nonsyn","g",5.47833e-05,0.181768457243426,"G","R"
"761",761,0.000290249104607277,"nonsyn","g",5.47833e-05,0.188745801900491,"G","E"
"762",762,0.139306825247077,"syn","a",1.11047e-05,7.97139693644193e-05,"G","G"
"763",763,0.0010032242313728,"nonsyn","t",1.10618e-05,0.0110262488226218,"S","P"
"764",764,0.000304913248585933,"nonsyn","c",2.41358e-05,0.079156284982474,"S","L"
"765",765,0.0264642346724412,"syn","a",1.11047e-05,0.000419611605529026,"S","S"
"766",766,0.000156613200892066,"nonsyn","c",2.41358e-05,0.154110891435224,"P","S"
"767",767,0.000206036395731504,"nonsyn","c",2.41358e-05,0.117143380975527,"P","L"
"768",768,0.323784368202987,"exclude","a",1.11047e-05,3.42965908503595e-05,"P","P"
"769",769,0.00517041352969712,"nonsyn","g",5.47833e-05,0.0105955354799656,"A","T"
"770",770,0.000421640612723328,"nonsyn","c",2.41358e-05,0.0572425882888977,"A","V"
"771",771,0.0373261137220184,"syn","a",1.11047e-05,0.000297504853644847,"A","A"
"772",772,0.0271092964719595,"nonsyn","a",1.11047e-05,0.000409627007896945,"I","V"
"773",773,0.000393031974302837,"nonsyn","t",1.10618e-05,0.0281447839444145,"I","T"
"774",774,0.000352182539515816,"nonsyn","a",1.11047e-05,0.0315310918459128,"I","M"
"775",775,0.000944654869172185,"nonsyn","t",1.10618e-05,0.0117098851241762,"F","L"
"776",776,0.000794817294678087,"nonsyn","t",1.10618e-05,0.0139174123085485,"F","S"
"777",777,0.14975333461597,"syn","c",2.41358e-05,0.000161170367670905,"F","F"
"778",778,9.49667845565165e-05,"stop","c",2.41358e-05,0.254149912653264,"Q","*"
"779",779,0.00839788440977897,"nonsyn","a",1.11047e-05,0.00132232112972037,"Q","R"
"780",780,0.673474980782212,"exclude","a",1.11047e-05,1.64886600347089e-05,"Q","Q"
"781",781,0.0151083392310121,"nonsyn","a",1.11047e-05,0.000735004677231894,"S","G"
"782",782,0.0196929503585752,"nonsyn","g",5.47833e-05,0.0027818736655752,"S","N"
"783",783,0.0616246960483086,"syn","t",1.10618e-05,0.000179502710915255,"S","S"
"784",784,0.000970190906305028,"nonsyn","a",1.11047e-05,0.0114458916568207,"S","G"
"785",785,0.000444768440264241,"nonsyn","g",5.47833e-05,0.123172633308813,"S","N"
"786",786,0.0293586362101101,"syn","c",2.41358e-05,0.00082210221984659,"S","S"
"787",787,0.00129917022742444,"nonsyn","a",1.11047e-05,0.00854753269863231,"M","V"
"788",788,0.00122087773023715,"nonsyn","t",1.10618e-05,0.00906053057241966,"M","T"
"789",789,0.000398737803706053,"nonsyn","g",5.47833e-05,0.137391788515708,"M","I"
"790",790,0.00228553477426841,"nonsyn","a",1.11047e-05,0.00485868783315912,"T","A"
"791",791,0.0670324142696303,"nonsyn","c",2.41358e-05,0.000360061624856842,"T","I"
"792",792,0.00240307563242559,"syn","a",1.11047e-05,0.00462103641273715,"T","T"
"793",793,0.00911780914229786,"nonsyn","a",1.11047e-05,0.00121791318799215,"K","E"
"794",794,0.0344189299623197,"nonsyn","a",1.11047e-05,0.00032263350464866,"K","R"
"795",795,0.037447994019518,"syn","a",1.11047e-05,0.000296536578013023,"K","K"
"796",796,0.000592066797756035,"nonsyn","a",1.11047e-05,0.0187558228937806,"I","V"
"797",797,0.000732511479258476,"nonsyn","t",1.10618e-05,0.01510119679107,"I","T"
"798",798,0.0586490354458334,"syn","c",2.41358e-05,0.000411529359631006,"I","I"
"799",799,0.0440213353684977,"syn","t",1.10618e-05,0.000251282699795517,"L","L"
"800",800,0.000212426733723042,"nonsyn","t",1.10618e-05,0.0520734834365158,"L","S"
"801",801,0.0335389526533057,"syn","a",1.11047e-05,0.000331098591980196,"L","L"
"802",802,0.00218376291470195,"nonsyn","g",5.47833e-05,0.0250866518664536,"E","K"
"803",803,0.0106310593874993,"nonsyn","a",1.11047e-05,0.00104455253190078,"E","G"
"804",804,0.30262889472495,"syn","g",5.47833e-05,0.000181024683878223,"E","E"
"805",805,9.54278709573595e-05,"nonsyn","c",2.41358e-05,0.252921916394684,"P","S"
"806",806,0.0165687175940266,"nonsyn","c",2.41358e-05,0.00145670899772602,"P","L"
"807",807,0.784230762442847,"exclude","t",1.10618e-05,1.41052870274343e-05,"P","P"
"808",808,0.026725099619853,"nonsyn","t",1.10618e-05,0.000413910524463776,"F","L"
"809",809,0.00506261401329738,"nonsyn","t",1.10618e-05,0.00218499770492976,"F","S"
"810",810,0.0867221578491198,"syn","t",1.10618e-05,0.000127554482895196,"F","F"
"811",811,0.0272385683961254,"nonsyn","a",1.11047e-05,0.000407682953028457,"R","G"
"812",812,0.000973603867037941,"nonsyn","g",5.47833e-05,0.056268572727295,"R","K"
"813",813,0.104310071491983,"exclude","a",1.11047e-05,0.000106458559956537,"R","R"
"814",814,0.0714364793282403,"exclude","a",1.11047e-05,0.000155448590194031,"K","E"
"815",815,0.0460123354688507,"exclude","a",1.11047e-05,0.000241341802950159,"K","R"
"816",816,0.136581951741974,"syn","a",1.11047e-05,8.13043001536443e-05,"K","K"
"817",817,0.0413689025241654,"exclude","c",2.41358e-05,0.000583428578650381,"Q","*"
"818",818,0.0649360373239851,"nonsyn","a",1.11047e-05,0.000171009819163978,"Q","R"
"819",819,0.0464344108816997,"syn","a",1.11047e-05,0.000239148075514327,"Q","Q"
"820",820,0.000528460494485713,"nonsyn","a",1.11047e-05,0.02101330206491,"N","D"
"821",821,0.000799899304796788,"nonsyn","a",1.11047e-05,0.0138826223918536,"N","S"
"822",822,0.0720614731433965,"syn","t",1.10618e-05,0.000153505049473356,"N","N"
"823",823,0.000690091052047845,"nonsyn","c",2.41358e-05,0.0349748050324331,"P","S"
"824",824,0.000435247714011286,"nonsyn","c",2.41358e-05,0.0554530195634162,"P","L"
"825",825,0.00115760653180284,"syn","a",1.11047e-05,0.00959281041953494,"P","P"
"826",826,0.000108455277416563,"nonsyn","g",5.47833e-05,0.505123414046368,"D","N"
"827",827,0.00184799942992405,"nonsyn","a",1.11047e-05,0.00600903865022101,"D","G"
"828",828,0.151447700676264,"exclude","c",2.41358e-05,0.000159367226390534,"D","D"
"829",829,0.0407401137536293,"nonsyn","a",1.11047e-05,0.000272574103920138,"I","V"
"830",830,0.000237968408724002,"nonsyn","t",1.10618e-05,0.0464843214244862,"I","T"
"831",831,0.144213838383649,"nonsyn","a",1.11047e-05,7.7001625672416e-05,"I","M"
"832",832,0.392302025600318,"exclude","g",5.47833e-05,0.000139645723001731,"V","I"
"833",833,0.0259696112964153,"nonsyn","t",1.10618e-05,0.000425951696917655,"V","A"
"834",834,0.0581251901767133,"exclude","t",1.10618e-05,0.000190309914967499,"V","V"
"835",835,0.000472477379730381,"nonsyn","a",1.11047e-05,0.0235031357614134,"I","V"
"836",836,0.00111493179230316,"nonsyn","t",1.10618e-05,0.00992150378737444,"I","T"
"837",837,0.1140751718262,"syn","c",2.41358e-05,0.000211578028887586,"I","I"
"838",838,0.000856332056216418,"res","t",1.10618e-05,0.0129176525854643,"Y","H"
"839",839,0.000394088009862003,"res","a",1.11047e-05,0.0281782234478245,"Y","C"
"840",840,0.0690513165899432,"res","t",1.10618e-05,0.000160196800673473,"Y","Y"
"841",841,0.00024178292826586,"stop","c",2.41358e-05,0.0998242521633321,"Q","*"
"842",842,0.000846893625111663,"nonsyn","a",1.11047e-05,0.0131122725106543,"Q","R"
"843",843,0.0226817084441722,"syn","a",1.11047e-05,0.000489588340637243,"Q","Q"
"844",844,0.000466050395960282,"nonsyn","t",1.10618e-05,0.0237352013771118,"Y","H"
"845",845,0.00069976633698495,"nonsyn","a",1.11047e-05,0.015869154334926,"Y","C"
"846",846,0.105218883231435,"exclude","c",2.41358e-05,0.000229386582130053,"Y","Y"
"847",847,0.011318826501253,"res","a",1.11047e-05,0.00098108227021332,"M","V"
"848",848,0.000902187138325261,"res","t",1.10618e-05,0.0122610925495282,"M","T"
"849",849,0.00213905001509997,"res","g",5.47833e-05,0.0256110421043332,"M","I"
"850",850,0.000640247801315855,"nonsyn","g",5.47833e-05,0.0855657760751507,"D","N"
"851",851,0.000880221387266984,"nonsyn","a",1.11047e-05,0.0126158034338147,"D","G"
"852",852,0.00974330513397701,"syn","t",1.10618e-05,0.00113532316271458,"D","D"
"853",853,0.000694133436505073,"nonsyn","g",5.47833e-05,0.0789232979120429,"D","N"
"854",854,0.000290784789011448,"nonsyn","a",1.11047e-05,0.0381887238247625,"D","G"
"855",855,0.717465668773401,"exclude","t",1.10618e-05,1.54178805780513e-05,"D","D"
"856",856,0.0364322534544163,"syn","t",1.10618e-05,0.000303626565780248,"L","L"
"857",857,0.000651021091868169,"nonsyn","t",1.10618e-05,0.0169914617793059,"L","S"
"858",858,0.17367584022197,"syn","g",5.47833e-05,0.000315434201613667,"L","L"
"859",859,0.0105099067071284,"res","t",1.10618e-05,0.00105251172139304,"Y","H"
"860",860,0.000702425906520495,"res","a",1.11047e-05,0.0158090695358999,"Y","C"
"861",861,0.0182877782847003,"res","t",1.10618e-05,0.000604873912390679,"Y","Y"
"862",862,0.00996678788292995,"nonsyn","g",5.47833e-05,0.00549658532352504,"V","I"
"863",863,0.000830338045348688,"nonsyn","t",1.10618e-05,0.0133220440300971,"V","A"
"864",864,0.0607903974424568,"syn","a",1.11047e-05,0.000182671942727657,"V","V"
"865",865,0.000786739112695856,"res","g",5.47833e-05,0.0696333754302343,"G","R"
"866",866,0.00091517207022736,"res","g",5.47833e-05,0.0598612018244722,"G","E"
"867",867,0.0802531031812402,"res","a",1.11047e-05,0.000138370973330734,"G","G"
"868",868,0.0010792213967318,"nonsyn","t",1.10618e-05,0.0102497967826605,"S","P"
"869",869,0.000253275961807578,"nonsyn","c",2.41358e-05,0.0952944757479068,"S","F"
"870",870,0.00977222177846305,"syn","t",1.10618e-05,0.0011319636670935,"S","S"
"871",871,0.000367876923322325,"nonsyn","g",5.47833e-05,0.148917468117455,"D","N"
"872",872,0.000464815576583975,"nonsyn","a",1.11047e-05,0.0238905504880252,"D","G"
"873",873,0.649506168189827,"exclude","c",2.41358e-05,3.71602321610993e-05,"D","D"
"874",874,0.0271691760242259,"syn","t",1.10618e-05,0.000407145214493679,"L","L"
"875",875,0.00118625696664319,"nonsyn","t",1.10618e-05,0.0093249610422117,"L","S"
"876",876,0.0383948185037013,"syn","a",1.11047e-05,0.000289223922205271,"L","L"
"877",877,0.00153707988850467,"nonsyn","g",5.47833e-05,0.0356411533386826,"E","K"
"878",878,0.00156607353097977,"nonsyn","a",1.11047e-05,0.00709079093690618,"E","G"
"879",879,0.0978149997168362,"syn","a",1.11047e-05,0.000113527577898552,"E","E"
"880",880,0.00127703057251574,"nonsyn","a",1.11047e-05,0.00869571977288201,"I","V"
"881",881,0.000541932897902756,"nonsyn","t",1.10618e-05,0.0204117521612148,"I","T"
"882",882,0.00150396351189835,"nonsyn","a",1.11047e-05,0.00738362328084892,"I","M"
"883",883,0.0195086405409222,"nonsyn","g",5.47833e-05,0.00280815569311885,"G","R"
"884",884,0.0630975709618472,"nonsyn","g",5.47833e-05,0.000868231520879392,"G","E"
"885",885,0.155407068534475,"syn","g",5.47833e-05,0.000352514853517406,"G","G"
"886",886,0.00408490432743624,"stop","c",2.41358e-05,0.00590853495341176,"Q","*"
"887",887,0.00224291972200584,"nonsyn","a",1.11047e-05,0.0049510019868518,"Q","R"
"888",888,0.151344492417566,"exclude","g",5.47833e-05,0.000361977493365603,"Q","Q"
"889",889,0.000420891765714182,"nonsyn","c",2.41358e-05,0.0573444338095938,"H","Y"
"890",890,0.000762410610879684,"nonsyn","a",1.11047e-05,0.0145652484914752,"H","R"
"891",891,0.0517821880996562,"syn","t",1.10618e-05,0.00021362171831579,"H","H"
"892",892,0.00100521651637294,"nonsyn","a",1.11047e-05,0.0110470727640532,"R","G"
"893",893,0.000901443470224993,"nonsyn","g",5.47833e-05,0.060772862425113,"R","K"
"894",894,0.0185877215323017,"syn","a",1.11047e-05,0.000597421259012423,"R","R"
"895",895,0.408646277386367,"exclude","a",1.11047e-05,2.71743574198786e-05,"T","A"
"896",896,0.173813501799808,"nonsyn","c",2.41358e-05,0.000138860328743614,"T","I"
"897",897,0.0524009270928818,"syn","a",1.11047e-05,0.000211918006342076,"T","T"
"898",898,0.000594304867993484,"nonsyn","a",1.11047e-05,0.0186851910493214,"K","E"
"899",899,0.0178178667529046,"nonsyn","a",1.11047e-05,0.000623233979353322,"K","R"
"900",900,0.0268171662426643,"syn","a",1.11047e-05,0.000414089240433359,"K","K"
"901",901,0.215975693278368,"nonsyn","a",1.11047e-05,5.14164340969948e-05,"I","V"
"902",902,0.000231943756333754,"nonsyn","t",1.10618e-05,0.047691734301667,"I","T"
"903",903,0.00198124899527631,"nonsyn","a",1.11047e-05,0.00560489874138778,"I","M"
"904",904,0.0183703865513076,"nonsyn","g",5.47833e-05,0.00298215281681706,"E","K"
"905",905,0.000746847061560141,"nonsyn","a",1.11047e-05,0.0148687737711689,"E","G"
"906",906,0.570900426914445,"exclude","g",5.47833e-05,9.59594658145348e-05,"E","E"
"907",907,0.00123149957461577,"nonsyn","g",5.47833e-05,0.0444850336364042,"E","K"
"908",908,0.0112126112573993,"nonsyn","a",1.11047e-05,0.000990375903086079,"E","G"
"909",909,0.614318252947556,"exclude","a",1.11047e-05,1.80764610960502e-05,"E","E"
"910",910,0.910957216572633,"exclude","c",2.41358e-05,2.64949874274097e-05,"L","L"
"911",911,1.32055040540897e-05,"nonsyn","t",1.10618e-05,0.8376658668,"L","P"
"912",912,0.667012669420572,"exclude","g",5.47833e-05,8.21323229850937e-05,"L","L"
"913",913,0.00128107182862747,"nonsyn","a",1.11047e-05,0.00866828834406382,"R","G"
"914",914,0.000812148136897947,"nonsyn","g",5.47833e-05,0.0674548121347029,"R","K"
"915",915,0.223251989605869,"syn","a",1.11047e-05,4.97406541352861e-05,"R","R"
"916",916,0.333333333333333,"exclude","c",2.41358e-05,7.24074e-05,"Q","*"
"917",917,0.000646830530401035,"exclude","a",1.11047e-05,0.0171678662,"Q","R"
"918",918,0.00086206896551724,"exclude","a",1.11047e-05,0.012881452,"Q","Q"
"919",919,0.000299117073411016,"nonsyn","c",2.41358e-05,0.0806901449147139,"H","Y"
"920",920,0.00514789728368675,"nonsyn","a",1.11047e-05,0.0021571331726431,"H","R"
"921",921,0.197886842267886,"syn","t",1.10618e-05,5.58996236092609e-05,"H","H"
"922",922,0.0876994111259965,"syn","c",2.41358e-05,0.000275210513846261,"L","L"
"923",923,7.74569892404256e-05,"nonsyn","t",1.10618e-05,0.142812160767885,"L","P"
"924",924,0.940420305746029,"exclude","g",5.47833e-05,5.82540590258106e-05,"L","L"
"925",925,0.0450135804680989,"res","t",1.10618e-05,0.000245743615259388,"L","L"
"926",926,0.000769026049703767,"res","t",1.10618e-05,0.0143841681361263,"L","S"
"927",927,0.0853725670606757,"exclude","g",5.47833e-05,0.000641696763798429,"L","L"
"928",928,0.0528363422004407,"nonsyn","a",1.11047e-05,0.000210171626905456,"R","G"
"929",929,0.67838120135506,"exclude","g",5.47833e-05,8.07559229096722e-05,"R","K"
"930",930,0.43944490204277,"exclude","g",5.47833e-05,0.000124664775368513,"R","R"
"931",931,0.000901849788245598,"nonsyn","t",1.10618e-05,0.0122656789901996,"W","R"
"932",932,0.000466162644549316,"stop","g",5.47833e-05,0.117519712573632,"W","*"
"933",933,0.000352324544562023,"stop","g",5.47833e-05,0.155491012038635,"W","*"
"934",934,0.000401859958228443,"nonsyn","g",5.47833e-05,0.13632435598089,"G","R"
"935",935,0.000564995921410008,"nonsyn","g",5.47833e-05,0.0969622928662607,"G","E"
"936",936,0.181574358062452,"syn","a",1.11047e-05,6.1157864571277e-05,"G","G"
"937",937,0.104273263174285,"nonsyn","t",1.10618e-05,0.000106084720696916,"F","L"
"938",938,0.00459183842693177,"nonsyn","t",1.10618e-05,0.00240901333442418,"F","S"
"939",939,0.0614178175678581,"syn","t",1.10618e-05,0.000180107344058233,"F","F"
"940",940,0.000389601139623718,"res","a",1.11047e-05,0.0285027400349113,"T","A"
"941",941,0.000161967034487211,"res","c",2.41358e-05,0.149016743292326,"T","I"
"942",942,0.597944617213097,"exclude","c",2.41358e-05,4.03646078670166e-05,"T","T"
"943",943,0.00110403369081061,"nonsyn","a",1.11047e-05,0.0100582981229918,"T","A"
"944",944,0.000290936977382073,"nonsyn","c",2.41358e-05,0.0829588600843395,"T","I"
"945",945,0.00348645905903194,"syn","a",1.11047e-05,0.0031850940487118,"T","T"
"946",946,0.000257653255710123,"nonsyn","c",2.41358e-05,0.0936755094884357,"P","S"
"947",947,0.000311000539401305,"nonsyn","c",2.41358e-05,0.0776069393527834,"P","L"
"948",948,0.00120852942049217,"syn","a",1.11047e-05,0.00918860543376565,"P","P"
"949",949,0.000165812890763549,"nonsyn","g",5.47833e-05,0.330392285833322,"D","N"
"950",950,0.00344230118342254,"nonsyn","a",1.11047e-05,0.00322595246850511,"D","G"
"951",951,0.145549342804904,"syn","c",2.41358e-05,0.000165825551217719,"D","D"
"952",952,0.000499302802005492,"res","a",1.11047e-05,0.0222404119412049,"K","E"
"953",953,0.00655760392328752,"res","a",1.11047e-05,0.00169340816095414,"K","R"
"954",954,0.0791302168676599,"exclude","a",1.11047e-05,0.000140334507342143,"K","K"
"955",955,0.000330166447699893,"nonsyn","a",1.11047e-05,0.0336336416900051,"K","E"
"956",956,0.233076123227985,"nonsyn","a",1.11047e-05,4.76440908927333e-05,"K","R"
"957",957,0.767507569949634,"exclude","a",1.11047e-05,1.44685217902525e-05,"K","K"
"958",958,0.000572633517682694,"nonsyn","c",2.41358e-05,0.0421487727397998,"H","Y"
"959",959,0.000787077181454484,"nonsyn","a",1.11047e-05,0.0141087815295052,"H","R"
"960",960,0.0182881664767695,"syn","t",1.10618e-05,0.000604861073090691,"H","H"
"961",961,0.000275427754481334,"stop","c",2.41358e-05,0.0876302391727037,"Q","*"
"962",962,0.000762074697795185,"nonsyn","a",1.11047e-05,0.0145716686725433,"Q","R"
"963",963,0.0848476646040072,"syn","g",5.47833e-05,0.000645666563195102,"Q","Q"
"964",964,0.000882287623146203,"nonsyn","a",1.11047e-05,0.0125862583908874,"K","E"
"965",965,0.000409524265552305,"nonsyn","a",1.11047e-05,0.0271160977116304,"K","R"
"966",966,0.0943433581550278,"syn","a",1.11047e-05,0.000117705159294334,"K","K"
"967",967,0.00940965450353569,"nonsyn","g",5.47833e-05,0.00582203097673938,"E","K"
"968",968,0.00191703212673284,"nonsyn","a",1.11047e-05,0.0057926520088766,"E","G"
"969",969,0.0355069019874686,"syn","a",1.11047e-05,0.000312747645624481,"E","E"
"970",970,0.000318580143588213,"res","c",2.41358e-05,0.0757605283498058,"P","S"
"971",971,0.00022840943687391,"res","c",2.41358e-05,0.105669014075473,"P","L"
"972",972,0.185258630281625,"exclude","t",1.10618e-05,5.9710038788391e-05,"P","P"
"973",973,6.26173753274327e-05,"nonsyn","c",2.41358e-05,0.385448924899701,"P","S"
"974",974,0.000531700270122144,"nonsyn","c",2.41358e-05,0.0453936199702427,"P","L"
"975",975,0.00993410467555685,"syn","a",1.11047e-05,0.00111783601669946,"P","P"
"976",976,0.00184724258639597,"nonsyn","t",1.10618e-05,0.00598827684109532,"F","L"
"977",977,0.0017808462723717,"nonsyn","t",1.10618e-05,0.0062115412046589,"F","S"
"978",978,0.751818199141943,"exclude","c",2.41358e-05,3.21032398890402e-05,"F","F"
"979",979,0.00348035765248975,"nonsyn","c",2.41358e-05,0.00693486199119045,"L","F"
"980",980,0.00010051165896231,"nonsyn","t",1.10618e-05,0.110054894270007,"L","P"
"981",981,7.0732473539336e-05,"syn","t",1.10618e-05,0.156389271383932,"L","L"
"982",982,0,"nonsyn","t",1.10618e-05,1,"W","R"
"983",983,0.000297619047619048,"stop","g",5.47833e-05,0.184071888,"W","*"
"984",984,6.80272108843538e-05,"stop","g",5.47833e-05,0.805314509999999,"W","*"
